Parameter,Values
mean,0.786011137418303
std,0.05653501272358734
