Parameter,Values
mean,0.6221428223631589
std,0.054091709250910364
