Parameter,Values
mean,0.7797334700692212
std,0.06292104427715747
