Parameter,Values
mean,0.1679561758455292
std,0.049114180500619595
